Series Name,"Series Code","Country Name","Country Code","Time","Time Code","Value"
GDP per capita (current US$),"NY.GDP.PCAP.CD","China","CHN","1990","YR1990","317.884673040928"
GDP per capita (current US$),"NY.GDP.PCAP.CD","China","CHN","2000","YR2000","959.372483639691"
GDP per capita (current US$),"NY.GDP.PCAP.CD","China","CHN","2001","YR2001","1053.10824300452"
GDP per capita (current US$),"NY.GDP.PCAP.CD","China","CHN","2002","YR2002","1148.5082904417"
GDP per capita (current US$),"NY.GDP.PCAP.CD","China","CHN","2003","YR2003","1288.64325183381"
GDP per capita (current US$),"NY.GDP.PCAP.CD","China","CHN","2004","YR2004","1508.66809788266"
GDP per capita (current US$),"NY.GDP.PCAP.CD","China","CHN","2005","YR2005","1753.41782925823"
GDP per capita (current US$),"NY.GDP.PCAP.CD","China","CHN","2006","YR2006","2099.22943460447"
GDP per capita (current US$),"NY.GDP.PCAP.CD","China","CHN","2007","YR2007","2693.97006340526"
GDP per capita (current US$),"NY.GDP.PCAP.CD","China","CHN","2008","YR2008","3468.30460207434"
GDP per capita (current US$),"NY.GDP.PCAP.CD","China","CHN","2009","YR2009","3832.23643246702"
GDP per capita (current US$),"NY.GDP.PCAP.CD","China","CHN","2010","YR2010","4550.4531077571"
GDP per capita (current US$),"NY.GDP.PCAP.CD","China","CHN","2011","YR2011","5614.35213522574"
GDP per capita (current US$),"NY.GDP.PCAP.CD","China","CHN","2012","YR2012","6300.61511825789"
GDP per capita (current US$),"NY.GDP.PCAP.CD","China","CHN","2013","YR2013","7020.33848453658"
GDP per capita (current US$),"NY.GDP.PCAP.CD","China","CHN","2014","YR2014","7636.11660125265"
GDP per capita (current US$),"NY.GDP.PCAP.CD","China","CHN","2015","YR2015","8016.43143498352"
GDP per capita (current US$),"NY.GDP.PCAP.CD","China","CHN","2016","YR2016","8094.36336674652"
GDP per capita (current US$),"NY.GDP.PCAP.CD","China","CHN","2017","YR2017","8816.98690451883"
GDP per capita (current US$),"NY.GDP.PCAP.CD","China","CHN","2018","YR2018","9905.34200388822"
GDP per capita (current US$),"NY.GDP.PCAP.CD","China","CHN","2019","YR2019","10143.8381955585"
GDP per capita (current US$),"NY.GDP.PCAP.CD","China","CHN","2020","YR2020","10408.6697561349"
GDP per capita (current US$),"NY.GDP.PCAP.CD","China","CHN","2021","YR2021","12556.3331200058"
GDP per capita (current US$),"NY.GDP.PCAP.CD","United States","USA","1990","YR1990","23888.6000088133"
GDP per capita (current US$),"NY.GDP.PCAP.CD","United States","USA","2000","YR2000","36329.9560727102"
GDP per capita (current US$),"NY.GDP.PCAP.CD","United States","USA","2001","YR2001","37133.623113437"
GDP per capita (current US$),"NY.GDP.PCAP.CD","United States","USA","2002","YR2002","37997.7596573051"
GDP per capita (current US$),"NY.GDP.PCAP.CD","United States","USA","2003","YR2003","39490.2749557007"
GDP per capita (current US$),"NY.GDP.PCAP.CD","United States","USA","2004","YR2004","41724.6316287624"
GDP per capita (current US$),"NY.GDP.PCAP.CD","United States","USA","2005","YR2005","44123.4070679055"
GDP per capita (current US$),"NY.GDP.PCAP.CD","United States","USA","2006","YR2006","46302.0008800056"
GDP per capita (current US$),"NY.GDP.PCAP.CD","United States","USA","2007","YR2007","48050.2237771135"
GDP per capita (current US$),"NY.GDP.PCAP.CD","United States","USA","2008","YR2008","48570.0459804586"
GDP per capita (current US$),"NY.GDP.PCAP.CD","United States","USA","2009","YR2009","47194.9433547336"
GDP per capita (current US$),"NY.GDP.PCAP.CD","United States","USA","2010","YR2010","48650.6431283336"
GDP per capita (current US$),"NY.GDP.PCAP.CD","United States","USA","2011","YR2011","50065.9665041742"
GDP per capita (current US$),"NY.GDP.PCAP.CD","United States","USA","2012","YR2012","51784.4185738837"
GDP per capita (current US$),"NY.GDP.PCAP.CD","United States","USA","2013","YR2013","53291.1276891406"
GDP per capita (current US$),"NY.GDP.PCAP.CD","United States","USA","2014","YR2014","55123.8497869046"
GDP per capita (current US$),"NY.GDP.PCAP.CD","United States","USA","2015","YR2015","56762.7294515989"
GDP per capita (current US$),"NY.GDP.PCAP.CD","United States","USA","2016","YR2016","57866.7449341091"
GDP per capita (current US$),"NY.GDP.PCAP.CD","United States","USA","2017","YR2017","59907.754260885"
GDP per capita (current US$),"NY.GDP.PCAP.CD","United States","USA","2018","YR2018","62823.309438197"
GDP per capita (current US$),"NY.GDP.PCAP.CD","United States","USA","2019","YR2019","65120.3946628653"
GDP per capita (current US$),"NY.GDP.PCAP.CD","United States","USA","2020","YR2020","63530.633483909"
GDP per capita (current US$),"NY.GDP.PCAP.CD","United States","USA","2021","YR2021","70248.6290002242"
GDP per capita (current US$),"NY.GDP.PCAP.CD","Korea, Rep.","KOR","1990","YR1990","6610.0365083067"
GDP per capita (current US$),"NY.GDP.PCAP.CD","Korea, Rep.","KOR","2000","YR2000","12256.9935679503"
GDP per capita (current US$),"NY.GDP.PCAP.CD","Korea, Rep.","KOR","2001","YR2001","11561.2483689073"
GDP per capita (current US$),"NY.GDP.PCAP.CD","Korea, Rep.","KOR","2002","YR2002","13165.0657360554"
GDP per capita (current US$),"NY.GDP.PCAP.CD","Korea, Rep.","KOR","2003","YR2003","14672.8574703505"
GDP per capita (current US$),"NY.GDP.PCAP.CD","Korea, Rep.","KOR","2004","YR2004","16496.1200942502"
GDP per capita (current US$),"NY.GDP.PCAP.CD","Korea, Rep.","KOR","2005","YR2005","19402.5026259549"
GDP per capita (current US$),"NY.GDP.PCAP.CD","Korea, Rep.","KOR","2006","YR2006","21743.4774514254"
GDP per capita (current US$),"NY.GDP.PCAP.CD","Korea, Rep.","KOR","2007","YR2007","24086.4104391677"
GDP per capita (current US$),"NY.GDP.PCAP.CD","Korea, Rep.","KOR","2008","YR2008","21350.427979823"
GDP per capita (current US$),"NY.GDP.PCAP.CD","Korea, Rep.","KOR","2009","YR2009","19143.8516053025"
GDP per capita (current US$),"NY.GDP.PCAP.CD","Korea, Rep.","KOR","2010","YR2010","23087.2256438476"
GDP per capita (current US$),"NY.GDP.PCAP.CD","Korea, Rep.","KOR","2011","YR2011","25096.2638838239"
GDP per capita (current US$),"NY.GDP.PCAP.CD","Korea, Rep.","KOR","2012","YR2012","25466.7605170594"
GDP per capita (current US$),"NY.GDP.PCAP.CD","Korea, Rep.","KOR","2013","YR2013","27182.7343101936"
GDP per capita (current US$),"NY.GDP.PCAP.CD","Korea, Rep.","KOR","2014","YR2014","29249.5752209742"
GDP per capita (current US$),"NY.GDP.PCAP.CD","Korea, Rep.","KOR","2015","YR2015","28732.2310762599"
GDP per capita (current US$),"NY.GDP.PCAP.CD","Korea, Rep.","KOR","2016","YR2016","29288.8704389833"
GDP per capita (current US$),"NY.GDP.PCAP.CD","Korea, Rep.","KOR","2017","YR2017","31616.8434004683"
GDP per capita (current US$),"NY.GDP.PCAP.CD","Korea, Rep.","KOR","2018","YR2018","33436.9230646064"
GDP per capita (current US$),"NY.GDP.PCAP.CD","Korea, Rep.","KOR","2019","YR2019","31902.4169048194"
GDP per capita (current US$),"NY.GDP.PCAP.CD","Korea, Rep.","KOR","2020","YR2020","31721.2989141857"
GDP per capita (current US$),"NY.GDP.PCAP.CD","Korea, Rep.","KOR","2021","YR2021","34997.7816427848"
GDP per capita (current US$),"NY.GDP.PCAP.CD","Vietnam","VNM","1990","YR1990","96.7192957412953"
GDP per capita (current US$),"NY.GDP.PCAP.CD","Vietnam","VNM","2000","YR2000","394.583136574358"
GDP per capita (current US$),"NY.GDP.PCAP.CD","Vietnam","VNM","2001","YR2001","409.497733008842"
GDP per capita (current US$),"NY.GDP.PCAP.CD","Vietnam","VNM","2002","YR2002","434.810292146332"
GDP per capita (current US$),"NY.GDP.PCAP.CD","Vietnam","VNM","2003","YR2003","485.450909101852"
GDP per capita (current US$),"NY.GDP.PCAP.CD","Vietnam","VNM","2004","YR2004","551.903505134912"
GDP per capita (current US$),"NY.GDP.PCAP.CD","Vietnam","VNM","2005","YR2005","693.189841057927"
GDP per capita (current US$),"NY.GDP.PCAP.CD","Vietnam","VNM","2006","YR2006","790.592516384921"
GDP per capita (current US$),"NY.GDP.PCAP.CD","Vietnam","VNM","2007","YR2007","913.312331601755"
GDP per capita (current US$),"NY.GDP.PCAP.CD","Vietnam","VNM","2008","YR2008","1158.10162735417"
GDP per capita (current US$),"NY.GDP.PCAP.CD","Vietnam","VNM","2009","YR2009","1225.84501185537"
GDP per capita (current US$),"NY.GDP.PCAP.CD","Vietnam","VNM","2010","YR2010","1684.01166437193"
GDP per capita (current US$),"NY.GDP.PCAP.CD","Vietnam","VNM","2011","YR2011","1953.55697860752"
GDP per capita (current US$),"NY.GDP.PCAP.CD","Vietnam","VNM","2012","YR2012","2190.23228396054"
GDP per capita (current US$),"NY.GDP.PCAP.CD","Vietnam","VNM","2013","YR2013","2367.4995386408"
GDP per capita (current US$),"NY.GDP.PCAP.CD","Vietnam","VNM","2014","YR2014","2558.7789242001"
GDP per capita (current US$),"NY.GDP.PCAP.CD","Vietnam","VNM","2015","YR2015","2595.23497870737"
GDP per capita (current US$),"NY.GDP.PCAP.CD","Vietnam","VNM","2016","YR2016","2760.71710527049"
GDP per capita (current US$),"NY.GDP.PCAP.CD","Vietnam","VNM","2017","YR2017","2992.07174150097"
GDP per capita (current US$),"NY.GDP.PCAP.CD","Vietnam","VNM","2018","YR2018","3267.22500852051"
GDP per capita (current US$),"NY.GDP.PCAP.CD","Vietnam","VNM","2019","YR2019","3491.09127354876"
GDP per capita (current US$),"NY.GDP.PCAP.CD","Vietnam","VNM","2020","YR2020","3586.34730171843"
GDP per capita (current US$),"NY.GDP.PCAP.CD","Vietnam","VNM","2021","YR2021","3756.48912117326"
Merchandise trade (% of GDP),"TG.VAL.TOTL.GD.ZS","China","CHN","1990","YR1990","31.9893221071876"
Merchandise trade (% of GDP),"TG.VAL.TOTL.GD.ZS","China","CHN","2000","YR2000","39.1545156801014"
Merchandise trade (% of GDP),"TG.VAL.TOTL.GD.ZS","China","CHN","2001","YR2001","38.0508159628703"
Merchandise trade (% of GDP),"TG.VAL.TOTL.GD.ZS","China","CHN","2002","YR2002","42.2131851098974"
Merchandise trade (% of GDP),"TG.VAL.TOTL.GD.ZS","China","CHN","2003","YR2003","51.2554458985276"
Merchandise trade (% of GDP),"TG.VAL.TOTL.GD.ZS","China","CHN","2004","YR2004","59.0460412944293"
Merchandise trade (% of GDP),"TG.VAL.TOTL.GD.ZS","China","CHN","2005","YR2005","62.2015404845654"
Merchandise trade (% of GDP),"TG.VAL.TOTL.GD.ZS","China","CHN","2006","YR2006","63.9663775202823"
Merchandise trade (% of GDP),"TG.VAL.TOTL.GD.ZS","China","CHN","2007","YR2007","61.3059685001716"
Merchandise trade (% of GDP),"TG.VAL.TOTL.GD.ZS","China","CHN","2008","YR2008","55.7920918601622"
Merchandise trade (% of GDP),"TG.VAL.TOTL.GD.ZS","China","CHN","2009","YR2009","43.270550409839"
Merchandise trade (% of GDP),"TG.VAL.TOTL.GD.ZS","China","CHN","2010","YR2010","48.8569235412332"
Merchandise trade (% of GDP),"TG.VAL.TOTL.GD.ZS","China","CHN","2011","YR2011","48.2270401920201"
Merchandise trade (% of GDP),"TG.VAL.TOTL.GD.ZS","China","CHN","2012","YR2012","45.3236610580699"
Merchandise trade (% of GDP),"TG.VAL.TOTL.GD.ZS","China","CHN","2013","YR2013","43.4568282431257"
Merchandise trade (% of GDP),"TG.VAL.TOTL.GD.ZS","China","CHN","2014","YR2014","41.0620103014334"
Merchandise trade (% of GDP),"TG.VAL.TOTL.GD.ZS","China","CHN","2015","YR2015","35.7366996429419"
Merchandise trade (% of GDP),"TG.VAL.TOTL.GD.ZS","China","CHN","2016","YR2016","32.8092786458769"
Merchandise trade (% of GDP),"TG.VAL.TOTL.GD.ZS","China","CHN","2017","YR2017","33.3631309590003"
Merchandise trade (% of GDP),"TG.VAL.TOTL.GD.ZS","China","CHN","2018","YR2018","33.267388964083"
Merchandise trade (% of GDP),"TG.VAL.TOTL.GD.ZS","China","CHN","2019","YR2019","32.0578643975547"
Merchandise trade (% of GDP),"TG.VAL.TOTL.GD.ZS","China","CHN","2020","YR2020","31.6994783105606"
Merchandise trade (% of GDP),"TG.VAL.TOTL.GD.ZS","China","CHN","2021","YR2021","34.1290606728499"
Merchandise trade (% of GDP),"TG.VAL.TOTL.GD.ZS","United States","USA","1990","YR1990","15.2701158985931"
Merchandise trade (% of GDP),"TG.VAL.TOTL.GD.ZS","United States","USA","2000","YR2000","19.9124802954553"
Merchandise trade (% of GDP),"TG.VAL.TOTL.GD.ZS","United States","USA","2001","YR2001","18.0333837093559"
Merchandise trade (% of GDP),"TG.VAL.TOTL.GD.ZS","United States","USA","2002","YR2002","17.3237572691918"
Merchandise trade (% of GDP),"TG.VAL.TOTL.GD.ZS","United States","USA","2003","YR2003","17.7002684842544"
Merchandise trade (% of GDP),"TG.VAL.TOTL.GD.ZS","United States","USA","2004","YR2004","19.1578782627679"
Merchandise trade (% of GDP),"TG.VAL.TOTL.GD.ZS","United States","USA","2005","YR2005","20.1990011887688"
Merchandise trade (% of GDP),"TG.VAL.TOTL.GD.ZS","United States","USA","2006","YR2006","21.3095832343641"
Merchandise trade (% of GDP),"TG.VAL.TOTL.GD.ZS","United States","USA","2007","YR2007","21.8913384514197"
Merchandise trade (% of GDP),"TG.VAL.TOTL.GD.ZS","United States","USA","2008","YR2008","23.4052962515328"
Merchandise trade (% of GDP),"TG.VAL.TOTL.GD.ZS","United States","USA","2009","YR2009","18.3818694841613"
Merchandise trade (% of GDP),"TG.VAL.TOTL.GD.ZS","United States","USA","2010","YR2010","21.5807473802282"
Merchandise trade (% of GDP),"TG.VAL.TOTL.GD.ZS","United States","USA","2011","YR2011","24.0294700679637"
Merchandise trade (% of GDP),"TG.VAL.TOTL.GD.ZS","United States","USA","2012","YR2012","23.8847891768546"
Merchandise trade (% of GDP),"TG.VAL.TOTL.GD.ZS","United States","USA","2013","YR2013","23.2061311993934"
Merchandise trade (% of GDP),"TG.VAL.TOTL.GD.ZS","United States","USA","2014","YR2014","22.9796165163713"
Merchandise trade (% of GDP),"TG.VAL.TOTL.GD.ZS","United States","USA","2015","YR2015","20.9703869632651"
Merchandise trade (% of GDP),"TG.VAL.TOTL.GD.ZS","United States","USA","2016","YR2016","19.7975023057101"
Merchandise trade (% of GDP),"TG.VAL.TOTL.GD.ZS","United States","USA","2017","YR2017","20.3043624062811"
Merchandise trade (% of GDP),"TG.VAL.TOTL.GD.ZS","United States","USA","2018","YR2018","20.835684306495"
Merchandise trade (% of GDP),"TG.VAL.TOTL.GD.ZS","United States","USA","2019","YR2019","19.6932355967522"
Merchandise trade (% of GDP),"TG.VAL.TOTL.GD.ZS","United States","USA","2020","YR2020","18.1945908264603"
Merchandise trade (% of GDP),"TG.VAL.TOTL.GD.ZS","United States","USA","2021","YR2021","20.1140801891357"
Merchandise trade (% of GDP),"TG.VAL.TOTL.GD.ZS","Korea, Rep.","KOR","1990","YR1990","47.5919037157664"
Merchandise trade (% of GDP),"TG.VAL.TOTL.GD.ZS","Korea, Rep.","KOR","2000","YR2000","57.7510654808893"
Merchandise trade (% of GDP),"TG.VAL.TOTL.GD.ZS","Korea, Rep.","KOR","2001","YR2001","53.2333823082841"
Merchandise trade (% of GDP),"TG.VAL.TOTL.GD.ZS","Korea, Rep.","KOR","2002","YR2002","50.1552754684888"
Merchandise trade (% of GDP),"TG.VAL.TOTL.GD.ZS","Korea, Rep.","KOR","2003","YR2003","53.0290037008951"
Merchandise trade (% of GDP),"TG.VAL.TOTL.GD.ZS","Korea, Rep.","KOR","2004","YR2004","60.3029590268672"
Merchandise trade (% of GDP),"TG.VAL.TOTL.GD.ZS","Korea, Rep.","KOR","2005","YR2005","58.3652128264225"
Merchandise trade (% of GDP),"TG.VAL.TOTL.GD.ZS","Korea, Rep.","KOR","2006","YR2006","60.2770420831711"
Merchandise trade (% of GDP),"TG.VAL.TOTL.GD.ZS","Korea, Rep.","KOR","2007","YR2007","62.1120800406861"
Merchandise trade (% of GDP),"TG.VAL.TOTL.GD.ZS","Korea, Rep.","KOR","2008","YR2008","81.8533437244572"
Merchandise trade (% of GDP),"TG.VAL.TOTL.GD.ZS","Korea, Rep.","KOR","2009","YR2009","72.7395422640289"
Merchandise trade (% of GDP),"TG.VAL.TOTL.GD.ZS","Korea, Rep.","KOR","2010","YR2010","77.9321514407257"
Merchandise trade (% of GDP),"TG.VAL.TOTL.GD.ZS","Korea, Rep.","KOR","2011","YR2011","86.1480328301884"
Merchandise trade (% of GDP),"TG.VAL.TOTL.GD.ZS","Korea, Rep.","KOR","2012","YR2012","83.4974910839536"
Merchandise trade (% of GDP),"TG.VAL.TOTL.GD.ZS","Korea, Rep.","KOR","2013","YR2013","78.437391670082"
Merchandise trade (% of GDP),"TG.VAL.TOTL.GD.ZS","Korea, Rep.","KOR","2014","YR2014","74.0174839510614"
Merchandise trade (% of GDP),"TG.VAL.TOTL.GD.ZS","Korea, Rep.","KOR","2015","YR2015","65.7165767574392"
Merchandise trade (% of GDP),"TG.VAL.TOTL.GD.ZS","Korea, Rep.","KOR","2016","YR2016","60.1034617865811"
Merchandise trade (% of GDP),"TG.VAL.TOTL.GD.ZS","Korea, Rep.","KOR","2017","YR2017","64.7928462440721"
Merchandise trade (% of GDP),"TG.VAL.TOTL.GD.ZS","Korea, Rep.","KOR","2018","YR2018","66.0964662384628"
Merchandise trade (% of GDP),"TG.VAL.TOTL.GD.ZS","Korea, Rep.","KOR","2019","YR2019","63.3136417967885"
Merchandise trade (% of GDP),"TG.VAL.TOTL.GD.ZS","Korea, Rep.","KOR","2020","YR2020","59.6073314628205"
Merchandise trade (% of GDP),"TG.VAL.TOTL.GD.ZS","Korea, Rep.","KOR","2021","YR2021","69.5485196466743"
Merchandise trade (% of GDP),"TG.VAL.TOTL.GD.ZS","Vietnam","VNM","1990","YR1990","79.6694452837564"
Merchandise trade (% of GDP),"TG.VAL.TOTL.GD.ZS","Vietnam","VNM","2000","YR2000","96.6267775041096"
Merchandise trade (% of GDP),"TG.VAL.TOTL.GD.ZS","Vietnam","VNM","2001","YR2001","95.5998470532418"
Merchandise trade (% of GDP),"TG.VAL.TOTL.GD.ZS","Vietnam","VNM","2002","YR2002","103.958163139603"
Merchandise trade (% of GDP),"TG.VAL.TOTL.GD.ZS","Vietnam","VNM","2003","YR2003","114.79675042938"
Merchandise trade (% of GDP),"TG.VAL.TOTL.GD.ZS","Vietnam","VNM","2004","YR2004","128.674357164127"
Merchandise trade (% of GDP),"TG.VAL.TOTL.GD.ZS","Vietnam","VNM","2005","YR2005","120.074771514484"
Merchandise trade (% of GDP),"TG.VAL.TOTL.GD.ZS","Vietnam","VNM","2006","YR2006","127.82713863494"
Merchandise trade (% of GDP),"TG.VAL.TOTL.GD.ZS","Vietnam","VNM","2007","YR2007","143.698024283167"
Merchandise trade (% of GDP),"TG.VAL.TOTL.GD.ZS","Vietnam","VNM","2008","YR2008","144.657076666087"
Merchandise trade (% of GDP),"TG.VAL.TOTL.GD.ZS","Vietnam","VNM","2009","YR2009","119.837200133792"
Merchandise trade (% of GDP),"TG.VAL.TOTL.GD.ZS","Vietnam","VNM","2010","YR2010","106.708395465331"
Merchandise trade (% of GDP),"TG.VAL.TOTL.GD.ZS","Vietnam","VNM","2011","YR2011","117.996442422782"
Merchandise trade (% of GDP),"TG.VAL.TOTL.GD.ZS","Vietnam","VNM","2012","YR2012","116.727974093725"
Merchandise trade (% of GDP),"TG.VAL.TOTL.GD.ZS","Vietnam","VNM","2013","YR2013","123.563448202146"
Merchandise trade (% of GDP),"TG.VAL.TOTL.GD.ZS","Vietnam","VNM","2014","YR2014","127.677920013482"
Merchandise trade (% of GDP),"TG.VAL.TOTL.GD.ZS","Vietnam","VNM","2015","YR2015","136.95447308938"
Merchandise trade (% of GDP),"TG.VAL.TOTL.GD.ZS","Vietnam","VNM","2016","YR2016","136.674626544699"
Merchandise trade (% of GDP),"TG.VAL.TOTL.GD.ZS","Vietnam","VNM","2017","YR2017","152.097915551491"
Merchandise trade (% of GDP),"TG.VAL.TOTL.GD.ZS","Vietnam","VNM","2018","YR2018","154.966452620058"
Merchandise trade (% of GDP),"TG.VAL.TOTL.GD.ZS","Vietnam","VNM","2019","YR2019","154.819015578468"
Merchandise trade (% of GDP),"TG.VAL.TOTL.GD.ZS","Vietnam","VNM","2020","YR2020","157.329838287708"
Merchandise trade (% of GDP),"TG.VAL.TOTL.GD.ZS","Vietnam","VNM","2021","YR2021","182.31151816585"
"Net trade in goods and services (BoP, current US$)","BN.GSR.GNFS.CD","China","CHN","1990","YR1990","10668000000"
"Net trade in goods and services (BoP, current US$)","BN.GSR.GNFS.CD","China","CHN","2000","YR2000","28873534000"
"Net trade in goods and services (BoP, current US$)","BN.GSR.GNFS.CD","China","CHN","2001","YR2001","28084000000"
"Net trade in goods and services (BoP, current US$)","BN.GSR.GNFS.CD","China","CHN","2002","YR2002","37383087664.0194"
"Net trade in goods and services (BoP, current US$)","BN.GSR.GNFS.CD","China","CHN","2003","YR2003","35821129066.2935"
"Net trade in goods and services (BoP, current US$)","BN.GSR.GNFS.CD","China","CHN","2004","YR2004","51174382539.95"
"Net trade in goods and services (BoP, current US$)","BN.GSR.GNFS.CD","China","CHN","2005","YR2005","124626797517.211"
"Net trade in goods and services (BoP, current US$)","BN.GSR.GNFS.CD","China","CHN","2006","YR2006","208918924500.594"
"Net trade in goods and services (BoP, current US$)","BN.GSR.GNFS.CD","China","CHN","2007","YR2007","308036028783.355"
"Net trade in goods and services (BoP, current US$)","BN.GSR.GNFS.CD","China","CHN","2008","YR2008","348832533153.936"
"Net trade in goods and services (BoP, current US$)","BN.GSR.GNFS.CD","China","CHN","2009","YR2009","220130401366.781"
"Net trade in goods and services (BoP, current US$)","BN.GSR.GNFS.CD","China","CHN","2010","YR2010","223023871712.8"
"Net trade in goods and services (BoP, current US$)","BN.GSR.GNFS.CD","China","CHN","2011","YR2011","181903738912.674"
"Net trade in goods and services (BoP, current US$)","BN.GSR.GNFS.CD","China","CHN","2012","YR2012","231844876748.002"
"Net trade in goods and services (BoP, current US$)","BN.GSR.GNFS.CD","China","CHN","2013","YR2013","235379561604.117"
"Net trade in goods and services (BoP, current US$)","BN.GSR.GNFS.CD","China","CHN","2014","YR2014","221299246947.273"
"Net trade in goods and services (BoP, current US$)","BN.GSR.GNFS.CD","China","CHN","2015","YR2015","357870764281.273"
"Net trade in goods and services (BoP, current US$)","BN.GSR.GNFS.CD","China","CHN","2016","YR2016","255737088242.151"
"Net trade in goods and services (BoP, current US$)","BN.GSR.GNFS.CD","China","CHN","2017","YR2017","217009899933.947"
"Net trade in goods and services (BoP, current US$)","BN.GSR.GNFS.CD","China","CHN","2018","YR2018","87905148451.8736"
"Net trade in goods and services (BoP, current US$)","BN.GSR.GNFS.CD","China","CHN","2019","YR2019","131844297312.037"
"Net trade in goods and services (BoP, current US$)","BN.GSR.GNFS.CD","China","CHN","2020","YR2020","358572608160.02"
"Net trade in goods and services (BoP, current US$)","BN.GSR.GNFS.CD","China","CHN","2021","YR2021","462807887089.71"
"Net trade in goods and services (BoP, current US$)","BN.GSR.GNFS.CD","United States","USA","1990","YR1990","-80852000000"
"Net trade in goods and services (BoP, current US$)","BN.GSR.GNFS.CD","United States","USA","2000","YR2000","-369689000000"
"Net trade in goods and services (BoP, current US$)","BN.GSR.GNFS.CD","United States","USA","2001","YR2001","-360373000000"
"Net trade in goods and services (BoP, current US$)","BN.GSR.GNFS.CD","United States","USA","2002","YR2002","-420666000000"
"Net trade in goods and services (BoP, current US$)","BN.GSR.GNFS.CD","United States","USA","2003","YR2003","-496251000000"
"Net trade in goods and services (BoP, current US$)","BN.GSR.GNFS.CD","United States","USA","2004","YR2004","-610833000000"
"Net trade in goods and services (BoP, current US$)","BN.GSR.GNFS.CD","United States","USA","2005","YR2005","-716537000000"
"Net trade in goods and services (BoP, current US$)","BN.GSR.GNFS.CD","United States","USA","2006","YR2006","-763533000000"
"Net trade in goods and services (BoP, current US$)","BN.GSR.GNFS.CD","United States","USA","2007","YR2007","-711000000000"
"Net trade in goods and services (BoP, current US$)","BN.GSR.GNFS.CD","United States","USA","2008","YR2008","-712352000000"
"Net trade in goods and services (BoP, current US$)","BN.GSR.GNFS.CD","United States","USA","2009","YR2009","-394779000000"
"Net trade in goods and services (BoP, current US$)","BN.GSR.GNFS.CD","United States","USA","2010","YR2010","-503078000000"
"Net trade in goods and services (BoP, current US$)","BN.GSR.GNFS.CD","United States","USA","2011","YR2011","-554517000000"
"Net trade in goods and services (BoP, current US$)","BN.GSR.GNFS.CD","United States","USA","2012","YR2012","-525907000000"
"Net trade in goods and services (BoP, current US$)","BN.GSR.GNFS.CD","United States","USA","2013","YR2013","-446857000000"
"Net trade in goods and services (BoP, current US$)","BN.GSR.GNFS.CD","United States","USA","2014","YR2014","-483951000000"
"Net trade in goods and services (BoP, current US$)","BN.GSR.GNFS.CD","United States","USA","2015","YR2015","-490773000000"
"Net trade in goods and services (BoP, current US$)","BN.GSR.GNFS.CD","United States","USA","2016","YR2016","-479461000000"
"Net trade in goods and services (BoP, current US$)","BN.GSR.GNFS.CD","United States","USA","2017","YR2017","-510339000000"
"Net trade in goods and services (BoP, current US$)","BN.GSR.GNFS.CD","United States","USA","2018","YR2018","-578600000000"
"Net trade in goods and services (BoP, current US$)","BN.GSR.GNFS.CD","United States","USA","2019","YR2019","-559675000000"
"Net trade in goods and services (BoP, current US$)","BN.GSR.GNFS.CD","United States","USA","2020","YR2020","-653990000000"
"Net trade in goods and services (BoP, current US$)","BN.GSR.GNFS.CD","United States","USA","2021","YR2021","-845050000000"
"Net trade in goods and services (BoP, current US$)","BN.GSR.GNFS.CD","Korea, Rep.","KOR","1990","YR1990","-3188400000"
"Net trade in goods and services (BoP, current US$)","BN.GSR.GNFS.CD","Korea, Rep.","KOR","2000","YR2000","14546800000"
"Net trade in goods and services (BoP, current US$)","BN.GSR.GNFS.CD","Korea, Rep.","KOR","2001","YR2001","7140200000"
"Net trade in goods and services (BoP, current US$)","BN.GSR.GNFS.CD","Korea, Rep.","KOR","2002","YR2002","8587300000"
"Net trade in goods and services (BoP, current US$)","BN.GSR.GNFS.CD","Korea, Rep.","KOR","2003","YR2003","17292900000"
"Net trade in goods and services (BoP, current US$)","BN.GSR.GNFS.CD","Korea, Rep.","KOR","2004","YR2004","34122600000"
"Net trade in goods and services (BoP, current US$)","BN.GSR.GNFS.CD","Korea, Rep.","KOR","2005","YR2005","23508300000"
"Net trade in goods and services (BoP, current US$)","BN.GSR.GNFS.CD","Korea, Rep.","KOR","2006","YR2006","11474300000"
"Net trade in goods and services (BoP, current US$)","BN.GSR.GNFS.CD","Korea, Rep.","KOR","2007","YR2007","19396600000"
"Net trade in goods and services (BoP, current US$)","BN.GSR.GNFS.CD","Korea, Rep.","KOR","2008","YR2008","5435400000"
"Net trade in goods and services (BoP, current US$)","BN.GSR.GNFS.CD","Korea, Rep.","KOR","2009","YR2009","38717900000"
"Net trade in goods and services (BoP, current US$)","BN.GSR.GNFS.CD","Korea, Rep.","KOR","2010","YR2010","33959500000"
"Net trade in goods and services (BoP, current US$)","BN.GSR.GNFS.CD","Korea, Rep.","KOR","2011","YR2011","15957800000"
"Net trade in goods and services (BoP, current US$)","BN.GSR.GNFS.CD","Korea, Rep.","KOR","2012","YR2012","43531800000"
"Net trade in goods and services (BoP, current US$)","BN.GSR.GNFS.CD","Korea, Rep.","KOR","2013","YR2013","73930200000"
"Net trade in goods and services (BoP, current US$)","BN.GSR.GNFS.CD","Korea, Rep.","KOR","2014","YR2014","82854900000"
"Net trade in goods and services (BoP, current US$)","BN.GSR.GNFS.CD","Korea, Rep.","KOR","2015","YR2015","105649200000"
"Net trade in goods and services (BoP, current US$)","BN.GSR.GNFS.CD","Korea, Rep.","KOR","2016","YR2016","99123300000"
"Net trade in goods and services (BoP, current US$)","BN.GSR.GNFS.CD","Korea, Rep.","KOR","2017","YR2017","76858800000"
"Net trade in goods and services (BoP, current US$)","BN.GSR.GNFS.CD","Korea, Rep.","KOR","2018","YR2018","80717400000"
"Net trade in goods and services (BoP, current US$)","BN.GSR.GNFS.CD","Korea, Rep.","KOR","2019","YR2019","52966800000"
"Net trade in goods and services (BoP, current US$)","BN.GSR.GNFS.CD","Korea, Rep.","KOR","2020","YR2020","65934700000"
"Net trade in goods and services (BoP, current US$)","BN.GSR.GNFS.CD","Korea, Rep.","KOR","2021","YR2021","73098900000"
"Net trade in goods and services (BoP, current US$)","BN.GSR.GNFS.CD","Vietnam","VNM","1990","YR1990","NA"
"Net trade in goods and services (BoP, current US$)","BN.GSR.GNFS.CD","Vietnam","VNM","2000","YR2000","-175000000"
"Net trade in goods and services (BoP, current US$)","BN.GSR.GNFS.CD","Vietnam","VNM","2001","YR2001","-91000000"
"Net trade in goods and services (BoP, current US$)","BN.GSR.GNFS.CD","Vietnam","VNM","2002","YR2002","-1804000000"
"Net trade in goods and services (BoP, current US$)","BN.GSR.GNFS.CD","Vietnam","VNM","2003","YR2003","-3359000000"
"Net trade in goods and services (BoP, current US$)","BN.GSR.GNFS.CD","Vietnam","VNM","2004","YR2004","-3159000000"
"Net trade in goods and services (BoP, current US$)","BN.GSR.GNFS.CD","Vietnam","VNM","2005","YR2005","-2735189000"
"Net trade in goods and services (BoP, current US$)","BN.GSR.GNFS.CD","Vietnam","VNM","2006","YR2006","-2783741800"
"Net trade in goods and services (BoP, current US$)","BN.GSR.GNFS.CD","Vietnam","VNM","2007","YR2007","-11193100000"
"Net trade in goods and services (BoP, current US$)","BN.GSR.GNFS.CD","Vietnam","VNM","2008","YR2008","-13733000000"
"Net trade in goods and services (BoP, current US$)","BN.GSR.GNFS.CD","Vietnam","VNM","2009","YR2009","-10028000000"
"Net trade in goods and services (BoP, current US$)","BN.GSR.GNFS.CD","Vietnam","VNM","2010","YR2010","-7597000000"
"Net trade in goods and services (BoP, current US$)","BN.GSR.GNFS.CD","Vietnam","VNM","2011","YR2011","-3430000000"
"Net trade in goods and services (BoP, current US$)","BN.GSR.GNFS.CD","Vietnam","VNM","2012","YR2012","7446000000"
"Net trade in goods and services (BoP, current US$)","BN.GSR.GNFS.CD","Vietnam","VNM","2013","YR2013","5604000000"
"Net trade in goods and services (BoP, current US$)","BN.GSR.GNFS.CD","Vietnam","VNM","2014","YR2014","8596000000"
"Net trade in goods and services (BoP, current US$)","BN.GSR.GNFS.CD","Vietnam","VNM","2015","YR2015","2609000000"
"Net trade in goods and services (BoP, current US$)","BN.GSR.GNFS.CD","Vietnam","VNM","2016","YR2016","6784000000"
"Net trade in goods and services (BoP, current US$)","BN.GSR.GNFS.CD","Vietnam","VNM","2017","YR2017","6816000000"
"Net trade in goods and services (BoP, current US$)","BN.GSR.GNFS.CD","Vietnam","VNM","2018","YR2018","12860129000"
"Net trade in goods and services (BoP, current US$)","BN.GSR.GNFS.CD","Vietnam","VNM","2019","YR2019","19143247000"
"Net trade in goods and services (BoP, current US$)","BN.GSR.GNFS.CD","Vietnam","VNM","2020","YR2020","20421000000"
"Net trade in goods and services (BoP, current US$)","BN.GSR.GNFS.CD","Vietnam","VNM","2021","YR2021","1963000000"
"Foreign direct investment, net inflows (% of GDP)","BX.KLT.DINV.WD.GD.ZS","China","CHN","1990","YR1990","0.966308310992784"
"Foreign direct investment, net inflows (% of GDP)","BX.KLT.DINV.WD.GD.ZS","China","CHN","2000","YR2000","3.47508224574174"
"Foreign direct investment, net inflows (% of GDP)","BX.KLT.DINV.WD.GD.ZS","China","CHN","2001","YR2001","3.51300212008009"
"Foreign direct investment, net inflows (% of GDP)","BX.KLT.DINV.WD.GD.ZS","China","CHN","2002","YR2002","3.60909988460748"
"Foreign direct investment, net inflows (% of GDP)","BX.KLT.DINV.WD.GD.ZS","China","CHN","2003","YR2003","3.48740330983945"
"Foreign direct investment, net inflows (% of GDP)","BX.KLT.DINV.WD.GD.ZS","China","CHN","2004","YR2004","3.4836411137418"
"Foreign direct investment, net inflows (% of GDP)","BX.KLT.DINV.WD.GD.ZS","China","CHN","2005","YR2005","4.55425403392961"
"Foreign direct investment, net inflows (% of GDP)","BX.KLT.DINV.WD.GD.ZS","China","CHN","2006","YR2006","4.50857901572192"
"Foreign direct investment, net inflows (% of GDP)","BX.KLT.DINV.WD.GD.ZS","China","CHN","2007","YR2007","4.40096483008155"
"Foreign direct investment, net inflows (% of GDP)","BX.KLT.DINV.WD.GD.ZS","China","CHN","2008","YR2008","3.73363488970446"
"Foreign direct investment, net inflows (% of GDP)","BX.KLT.DINV.WD.GD.ZS","China","CHN","2009","YR2009","2.56888829067473"
"Foreign direct investment, net inflows (% of GDP)","BX.KLT.DINV.WD.GD.ZS","China","CHN","2010","YR2010","4.00356290026293"
"Foreign direct investment, net inflows (% of GDP)","BX.KLT.DINV.WD.GD.ZS","China","CHN","2011","YR2011","3.70882890211806"
"Foreign direct investment, net inflows (% of GDP)","BX.KLT.DINV.WD.GD.ZS","China","CHN","2012","YR2012","2.82709055579985"
"Foreign direct investment, net inflows (% of GDP)","BX.KLT.DINV.WD.GD.ZS","China","CHN","2013","YR2013","3.03987546926686"
"Foreign direct investment, net inflows (% of GDP)","BX.KLT.DINV.WD.GD.ZS","China","CHN","2014","YR2014","2.55923344660685"
"Foreign direct investment, net inflows (% of GDP)","BX.KLT.DINV.WD.GD.ZS","China","CHN","2015","YR2015","2.1921816030386"
"Foreign direct investment, net inflows (% of GDP)","BX.KLT.DINV.WD.GD.ZS","China","CHN","2016","YR2016","1.55564214957722"
"Foreign direct investment, net inflows (% of GDP)","BX.KLT.DINV.WD.GD.ZS","China","CHN","2017","YR2017","1.34913267883962"
"Foreign direct investment, net inflows (% of GDP)","BX.KLT.DINV.WD.GD.ZS","China","CHN","2018","YR2018","1.69390529382619"
"Foreign direct investment, net inflows (% of GDP)","BX.KLT.DINV.WD.GD.ZS","China","CHN","2019","YR2019","1.31071877840365"
"Foreign direct investment, net inflows (% of GDP)","BX.KLT.DINV.WD.GD.ZS","China","CHN","2020","YR2020","1.7231837927804"
"Foreign direct investment, net inflows (% of GDP)","BX.KLT.DINV.WD.GD.ZS","China","CHN","2021","YR2021","1.88326293759591"
"Foreign direct investment, net inflows (% of GDP)","BX.KLT.DINV.WD.GD.ZS","United States","USA","1990","YR1990","1.19450410722934"
"Foreign direct investment, net inflows (% of GDP)","BX.KLT.DINV.WD.GD.ZS","United States","USA","2000","YR2000","3.40578256861876"
"Foreign direct investment, net inflows (% of GDP)","BX.KLT.DINV.WD.GD.ZS","United States","USA","2001","YR2001","1.63009964802286"
"Foreign direct investment, net inflows (% of GDP)","BX.KLT.DINV.WD.GD.ZS","United States","USA","2002","YR2002","1.01613919132561"
"Foreign direct investment, net inflows (% of GDP)","BX.KLT.DINV.WD.GD.ZS","United States","USA","2003","YR2003","1.02218472001084"
"Foreign direct investment, net inflows (% of GDP)","BX.KLT.DINV.WD.GD.ZS","United States","USA","2004","YR2004","1.74869134454691"
"Foreign direct investment, net inflows (% of GDP)","BX.KLT.DINV.WD.GD.ZS","United States","USA","2005","YR2005","1.09166213272067"
"Foreign direct investment, net inflows (% of GDP)","BX.KLT.DINV.WD.GD.ZS","United States","USA","2006","YR2006","2.16033528740671"
"Foreign direct investment, net inflows (% of GDP)","BX.KLT.DINV.WD.GD.ZS","United States","USA","2007","YR2007","2.39469093772646"
"Foreign direct investment, net inflows (% of GDP)","BX.KLT.DINV.WD.GD.ZS","United States","USA","2008","YR2008","2.30937902080946"
"Foreign direct investment, net inflows (% of GDP)","BX.KLT.DINV.WD.GD.ZS","United States","USA","2009","YR2009","1.11260034220261"
"Foreign direct investment, net inflows (% of GDP)","BX.KLT.DINV.WD.GD.ZS","United States","USA","2010","YR2010","1.75453268550496"
"Foreign direct investment, net inflows (% of GDP)","BX.KLT.DINV.WD.GD.ZS","United States","USA","2011","YR2011","1.68911277121237"
"Foreign direct investment, net inflows (% of GDP)","BX.KLT.DINV.WD.GD.ZS","United States","USA","2012","YR2012","1.54020811932936"
"Foreign direct investment, net inflows (% of GDP)","BX.KLT.DINV.WD.GD.ZS","United States","USA","2013","YR2013","1.71066753395925"
"Foreign direct investment, net inflows (% of GDP)","BX.KLT.DINV.WD.GD.ZS","United States","USA","2014","YR2014","1.43502130688419"
"Foreign direct investment, net inflows (% of GDP)","BX.KLT.DINV.WD.GD.ZS","United States","USA","2015","YR2015","2.80914762910409"
"Foreign direct investment, net inflows (% of GDP)","BX.KLT.DINV.WD.GD.ZS","United States","USA","2016","YR2016","2.53749765919682"
"Foreign direct investment, net inflows (% of GDP)","BX.KLT.DINV.WD.GD.ZS","United States","USA","2017","YR2017","1.95521086285051"
"Foreign direct investment, net inflows (% of GDP)","BX.KLT.DINV.WD.GD.ZS","United States","USA","2018","YR2018","1.0457039920427"
"Foreign direct investment, net inflows (% of GDP)","BX.KLT.DINV.WD.GD.ZS","United States","USA","2019","YR2019","1.47207498033874"
"Foreign direct investment, net inflows (% of GDP)","BX.KLT.DINV.WD.GD.ZS","United States","USA","2020","YR2020","0.707068619330959"
"Foreign direct investment, net inflows (% of GDP)","BX.KLT.DINV.WD.GD.ZS","United States","USA","2021","YR2021","1.92289277682856"
"Foreign direct investment, net inflows (% of GDP)","BX.KLT.DINV.WD.GD.ZS","Korea, Rep.","KOR","1990","YR1990","0.368990764683415"
"Foreign direct investment, net inflows (% of GDP)","BX.KLT.DINV.WD.GD.ZS","Korea, Rep.","KOR","2000","YR2000","1.99754203031639"
"Foreign direct investment, net inflows (% of GDP)","BX.KLT.DINV.WD.GD.ZS","Korea, Rep.","KOR","2001","YR2001","1.19094348034493"
"Foreign direct investment, net inflows (% of GDP)","BX.KLT.DINV.WD.GD.ZS","Korea, Rep.","KOR","2002","YR2002","0.872879107930218"
"Foreign direct investment, net inflows (% of GDP)","BX.KLT.DINV.WD.GD.ZS","Korea, Rep.","KOR","2003","YR2003","0.997556155320559"
"Foreign direct investment, net inflows (% of GDP)","BX.KLT.DINV.WD.GD.ZS","Korea, Rep.","KOR","2004","YR2004","1.67609920487799"
"Foreign direct investment, net inflows (% of GDP)","BX.KLT.DINV.WD.GD.ZS","Korea, Rep.","KOR","2005","YR2005","1.45932018032106"
"Foreign direct investment, net inflows (% of GDP)","BX.KLT.DINV.WD.GD.ZS","Korea, Rep.","KOR","2006","YR2006","0.869896781374133"
"Foreign direct investment, net inflows (% of GDP)","BX.KLT.DINV.WD.GD.ZS","Korea, Rep.","KOR","2007","YR2007","0.752754047671926"
"Foreign direct investment, net inflows (% of GDP)","BX.KLT.DINV.WD.GD.ZS","Korea, Rep.","KOR","2008","YR2008","1.06818326165412"
"Foreign direct investment, net inflows (% of GDP)","BX.KLT.DINV.WD.GD.ZS","Korea, Rep.","KOR","2009","YR2009","0.95576859415752"
"Foreign direct investment, net inflows (% of GDP)","BX.KLT.DINV.WD.GD.ZS","Korea, Rep.","KOR","2010","YR2010","0.830143714297898"
"Foreign direct investment, net inflows (% of GDP)","BX.KLT.DINV.WD.GD.ZS","Korea, Rep.","KOR","2011","YR2011","0.779829260336608"
"Foreign direct investment, net inflows (% of GDP)","BX.KLT.DINV.WD.GD.ZS","Korea, Rep.","KOR","2012","YR2012","0.742779625917828"
"Foreign direct investment, net inflows (% of GDP)","BX.KLT.DINV.WD.GD.ZS","Korea, Rep.","KOR","2013","YR2013","0.93132803501368"
"Foreign direct investment, net inflows (% of GDP)","BX.KLT.DINV.WD.GD.ZS","Korea, Rep.","KOR","2014","YR2014","0.624771688262979"
"Foreign direct investment, net inflows (% of GDP)","BX.KLT.DINV.WD.GD.ZS","Korea, Rep.","KOR","2015","YR2015","0.279995559508797"
"Foreign direct investment, net inflows (% of GDP)","BX.KLT.DINV.WD.GD.ZS","Korea, Rep.","KOR","2016","YR2016","0.806893302496192"
"Foreign direct investment, net inflows (% of GDP)","BX.KLT.DINV.WD.GD.ZS","Korea, Rep.","KOR","2017","YR2017","1.10307799056185"
"Foreign direct investment, net inflows (% of GDP)","BX.KLT.DINV.WD.GD.ZS","Korea, Rep.","KOR","2018","YR2018","0.706300893808141"
"Foreign direct investment, net inflows (% of GDP)","BX.KLT.DINV.WD.GD.ZS","Korea, Rep.","KOR","2019","YR2019","0.58339386057331"
"Foreign direct investment, net inflows (% of GDP)","BX.KLT.DINV.WD.GD.ZS","Korea, Rep.","KOR","2020","YR2020","0.533043337613518"
"Foreign direct investment, net inflows (% of GDP)","BX.KLT.DINV.WD.GD.ZS","Korea, Rep.","KOR","2021","YR2021","0.92877470212313"
"Foreign direct investment, net inflows (% of GDP)","BX.KLT.DINV.WD.GD.ZS","Vietnam","VNM","1990","YR1990","2.78132276010011"
"Foreign direct investment, net inflows (% of GDP)","BX.KLT.DINV.WD.GD.ZS","Vietnam","VNM","2000","YR2000","4.16392407955693"
"Foreign direct investment, net inflows (% of GDP)","BX.KLT.DINV.WD.GD.ZS","Vietnam","VNM","2001","YR2001","3.97733546161917"
"Foreign direct investment, net inflows (% of GDP)","BX.KLT.DINV.WD.GD.ZS","Vietnam","VNM","2002","YR2002","3.99268705133996"
"Foreign direct investment, net inflows (% of GDP)","BX.KLT.DINV.WD.GD.ZS","Vietnam","VNM","2003","YR2003","3.6660122920956"
"Foreign direct investment, net inflows (% of GDP)","BX.KLT.DINV.WD.GD.ZS","Vietnam","VNM","2004","YR2004","3.54408107288199"
"Foreign direct investment, net inflows (% of GDP)","BX.KLT.DINV.WD.GD.ZS","Vietnam","VNM","2005","YR2005","3.39040364636363"
"Foreign direct investment, net inflows (% of GDP)","BX.KLT.DINV.WD.GD.ZS","Vietnam","VNM","2006","YR2006","3.61600090432522"
"Foreign direct investment, net inflows (% of GDP)","BX.KLT.DINV.WD.GD.ZS","Vietnam","VNM","2007","YR2007","8.65471771434805"
"Foreign direct investment, net inflows (% of GDP)","BX.KLT.DINV.WD.GD.ZS","Vietnam","VNM","2008","YR2008","9.6630390545572"
"Foreign direct investment, net inflows (% of GDP)","BX.KLT.DINV.WD.GD.ZS","Vietnam","VNM","2009","YR2009","7.16881987497989"
"Foreign direct investment, net inflows (% of GDP)","BX.KLT.DINV.WD.GD.ZS","Vietnam","VNM","2010","YR2010","5.43473964019106"
"Foreign direct investment, net inflows (% of GDP)","BX.KLT.DINV.WD.GD.ZS","Vietnam","VNM","2011","YR2011","4.3048747260148"
"Foreign direct investment, net inflows (% of GDP)","BX.KLT.DINV.WD.GD.ZS","Vietnam","VNM","2012","YR2012","4.27832318137387"
"Foreign direct investment, net inflows (% of GDP)","BX.KLT.DINV.WD.GD.ZS","Vietnam","VNM","2013","YR2013","4.16454480697667"
"Foreign direct investment, net inflows (% of GDP)","BX.KLT.DINV.WD.GD.ZS","Vietnam","VNM","2014","YR2014","3.94086163508764"
"Foreign direct investment, net inflows (% of GDP)","BX.KLT.DINV.WD.GD.ZS","Vietnam","VNM","2015","YR2015","4.93190747678242"
"Foreign direct investment, net inflows (% of GDP)","BX.KLT.DINV.WD.GD.ZS","Vietnam","VNM","2016","YR2016","4.90089302179434"
"Foreign direct investment, net inflows (% of GDP)","BX.KLT.DINV.WD.GD.ZS","Vietnam","VNM","2017","YR2017","5.01148686657965"
"Foreign direct investment, net inflows (% of GDP)","BX.KLT.DINV.WD.GD.ZS","Vietnam","VNM","2018","YR2018","4.99828328892879"
"Foreign direct investment, net inflows (% of GDP)","BX.KLT.DINV.WD.GD.ZS","Vietnam","VNM","2019","YR2019","4.82107504935645"
"Foreign direct investment, net inflows (% of GDP)","BX.KLT.DINV.WD.GD.ZS","Vietnam","VNM","2020","YR2020","4.55836180834684"
"Foreign direct investment, net inflows (% of GDP)","BX.KLT.DINV.WD.GD.ZS","Vietnam","VNM","2021","YR2021","4.27708063908642"
"Foreign direct investment, net outflows (% of GDP)","BM.KLT.DINV.WD.GD.ZS","China","CHN","1990","YR1990","0.23000742705019"
"Foreign direct investment, net outflows (% of GDP)","BM.KLT.DINV.WD.GD.ZS","China","CHN","2000","YR2000","0.380733224786637"
"Foreign direct investment, net outflows (% of GDP)","BM.KLT.DINV.WD.GD.ZS","China","CHN","2001","YR2001","0.723908540503188"
"Foreign direct investment, net outflows (% of GDP)","BM.KLT.DINV.WD.GD.ZS","China","CHN","2002","YR2002","0.427326486972596"
"Foreign direct investment, net outflows (% of GDP)","BM.KLT.DINV.WD.GD.ZS","China","CHN","2003","YR2003","0.509314281525144"
"Foreign direct investment, net outflows (% of GDP)","BM.KLT.DINV.WD.GD.ZS","China","CHN","2004","YR2004","0.407733343159789"
"Foreign direct investment, net outflows (% of GDP)","BM.KLT.DINV.WD.GD.ZS","China","CHN","2005","YR2005","0.600602412693315"
"Foreign direct investment, net outflows (% of GDP)","BM.KLT.DINV.WD.GD.ZS","China","CHN","2006","YR2006","0.869587666522311"
"Foreign direct investment, net outflows (% of GDP)","BM.KLT.DINV.WD.GD.ZS","China","CHN","2007","YR2007","0.483187144800327"
"Foreign direct investment, net outflows (% of GDP)","BM.KLT.DINV.WD.GD.ZS","China","CHN","2008","YR2008","1.23505626041791"
"Foreign direct investment, net outflows (% of GDP)","BM.KLT.DINV.WD.GD.ZS","China","CHN","2009","YR2009","0.860300665703987"
"Foreign direct investment, net outflows (% of GDP)","BM.KLT.DINV.WD.GD.ZS","China","CHN","2010","YR2010","0.952062414633136"
"Foreign direct investment, net outflows (% of GDP)","BM.KLT.DINV.WD.GD.ZS","China","CHN","2011","YR2011","0.641205591779762"
"Foreign direct investment, net outflows (% of GDP)","BM.KLT.DINV.WD.GD.ZS","China","CHN","2012","YR2012","0.761388132094761"
"Foreign direct investment, net outflows (% of GDP)","BM.KLT.DINV.WD.GD.ZS","China","CHN","2013","YR2013","0.762463764718975"
"Foreign direct investment, net outflows (% of GDP)","BM.KLT.DINV.WD.GD.ZS","China","CHN","2014","YR2014","1.17538450943085"
"Foreign direct investment, net outflows (% of GDP)","BM.KLT.DINV.WD.GD.ZS","China","CHN","2015","YR2015","1.57654789163268"
"Foreign direct investment, net outflows (% of GDP)","BM.KLT.DINV.WD.GD.ZS","China","CHN","2016","YR2016","1.92663698828907"
"Foreign direct investment, net outflows (% of GDP)","BM.KLT.DINV.WD.GD.ZS","China","CHN","2017","YR2017","1.12338073930445"
"Foreign direct investment, net outflows (% of GDP)","BM.KLT.DINV.WD.GD.ZS","China","CHN","2018","YR2018","1.02935195928717"
"Foreign direct investment, net outflows (% of GDP)","BM.KLT.DINV.WD.GD.ZS","China","CHN","2019","YR2019","0.958757697603264"
"Foreign direct investment, net outflows (% of GDP)","BM.KLT.DINV.WD.GD.ZS","China","CHN","2020","YR2020","1.04659736769215"
"Foreign direct investment, net outflows (% of GDP)","BM.KLT.DINV.WD.GD.ZS","China","CHN","2021","YR2021","0.72198560999844"
"Foreign direct investment, net outflows (% of GDP)","BM.KLT.DINV.WD.GD.ZS","United States","USA","1990","YR1990","1.00517445159802"
"Foreign direct investment, net outflows (% of GDP)","BM.KLT.DINV.WD.GD.ZS","United States","USA","2000","YR2000","1.81807575313563"
"Foreign direct investment, net outflows (% of GDP)","BM.KLT.DINV.WD.GD.ZS","United States","USA","2001","YR2001","1.38009798892094"
"Foreign direct investment, net outflows (% of GDP)","BM.KLT.DINV.WD.GD.ZS","United States","USA","2002","YR2002","1.63769009193116"
"Foreign direct investment, net outflows (% of GDP)","BM.KLT.DINV.WD.GD.ZS","United States","USA","2003","YR2003","1.70400198684163"
"Foreign direct investment, net outflows (% of GDP)","BM.KLT.DINV.WD.GD.ZS","United States","USA","2004","YR2004","3.06129234381941"
"Foreign direct investment, net outflows (% of GDP)","BM.KLT.DINV.WD.GD.ZS","United States","USA","2005","YR2005","0.403329983855397"
"Foreign direct investment, net outflows (% of GDP)","BM.KLT.DINV.WD.GD.ZS","United States","USA","2006","YR2006","2.05420877931708"
"Foreign direct investment, net outflows (% of GDP)","BM.KLT.DINV.WD.GD.ZS","United States","USA","2007","YR2007","3.61946792349253"
"Foreign direct investment, net outflows (% of GDP)","BM.KLT.DINV.WD.GD.ZS","United States","USA","2008","YR2008","2.32624445049071"
"Foreign direct investment, net outflows (% of GDP)","BM.KLT.DINV.WD.GD.ZS","United States","USA","2009","YR2009","2.15910759776953"
"Foreign direct investment, net outflows (% of GDP)","BM.KLT.DINV.WD.GD.ZS","United States","USA","2010","YR2010","2.32459848849916"
"Foreign direct investment, net outflows (% of GDP)","BM.KLT.DINV.WD.GD.ZS","United States","USA","2011","YR2011","2.79886929155041"
"Foreign direct investment, net outflows (% of GDP)","BM.KLT.DINV.WD.GD.ZS","United States","USA","2012","YR2012","2.32090958851109"
"Foreign direct investment, net outflows (% of GDP)","BM.KLT.DINV.WD.GD.ZS","United States","USA","2013","YR2013","2.33207591223804"
"Foreign direct investment, net outflows (% of GDP)","BM.KLT.DINV.WD.GD.ZS","United States","USA","2014","YR2014","2.20805687391019"
"Foreign direct investment, net outflows (% of GDP)","BM.KLT.DINV.WD.GD.ZS","United States","USA","2015","YR2015","1.65918189535913"
"Foreign direct investment, net outflows (% of GDP)","BM.KLT.DINV.WD.GD.ZS","United States","USA","2016","YR2016","1.60370806321427"
"Foreign direct investment, net outflows (% of GDP)","BM.KLT.DINV.WD.GD.ZS","United States","USA","2017","YR2017","2.10199684628348"
"Foreign direct investment, net outflows (% of GDP)","BM.KLT.DINV.WD.GD.ZS","United States","USA","2018","YR2018","-0.636631934610167"
"Foreign direct investment, net outflows (% of GDP)","BM.KLT.DINV.WD.GD.ZS","United States","USA","2019","YR2019","0.494257134996242"
"Foreign direct investment, net outflows (% of GDP)","BM.KLT.DINV.WD.GD.ZS","United States","USA","2020","YR2020","1.29055502261938"
"Foreign direct investment, net outflows (% of GDP)","BM.KLT.DINV.WD.GD.ZS","United States","USA","2021","YR2021","1.80891504498409"
"Foreign direct investment, net outflows (% of GDP)","BM.KLT.DINV.WD.GD.ZS","Korea, Rep.","KOR","1990","YR1990","0.399904681081911"
"Foreign direct investment, net outflows (% of GDP)","BM.KLT.DINV.WD.GD.ZS","Korea, Rep.","KOR","2000","YR2000","0.84038249300528"
"Foreign direct investment, net outflows (% of GDP)","BM.KLT.DINV.WD.GD.ZS","Korea, Rep.","KOR","2001","YR2001","0.500951112081065"
"Foreign direct investment, net outflows (% of GDP)","BM.KLT.DINV.WD.GD.ZS","Korea, Rep.","KOR","2002","YR2002","0.547982697992319"
"Foreign direct investment, net outflows (% of GDP)","BM.KLT.DINV.WD.GD.ZS","Korea, Rep.","KOR","2003","YR2003","0.714198977506822"
"Foreign direct investment, net outflows (% of GDP)","BM.KLT.DINV.WD.GD.ZS","Korea, Rep.","KOR","2004","YR2004","0.9071894510937"
"Foreign direct investment, net outflows (% of GDP)","BM.KLT.DINV.WD.GD.ZS","Korea, Rep.","KOR","2005","YR2005","0.891003364465405"
"Foreign direct investment, net outflows (% of GDP)","BM.KLT.DINV.WD.GD.ZS","Korea, Rep.","KOR","2006","YR2006","1.19283120903758"
"Foreign direct investment, net outflows (% of GDP)","BM.KLT.DINV.WD.GD.ZS","Korea, Rep.","KOR","2007","YR2007","1.86173782581946"
"Foreign direct investment, net outflows (% of GDP)","BM.KLT.DINV.WD.GD.ZS","Korea, Rep.","KOR","2008","YR2008","1.86534635006084"
"Foreign direct investment, net outflows (% of GDP)","BM.KLT.DINV.WD.GD.ZS","Korea, Rep.","KOR","2009","YR2009","1.84338680573249"
"Foreign direct investment, net outflows (% of GDP)","BM.KLT.DINV.WD.GD.ZS","Korea, Rep.","KOR","2010","YR2010","2.46677868126325"
"Foreign direct investment, net outflows (% of GDP)","BM.KLT.DINV.WD.GD.ZS","Korea, Rep.","KOR","2011","YR2011","2.36571615283758"
"Foreign direct investment, net outflows (% of GDP)","BM.KLT.DINV.WD.GD.ZS","Korea, Rep.","KOR","2012","YR2012","2.39346359371643"
"Foreign direct investment, net outflows (% of GDP)","BM.KLT.DINV.WD.GD.ZS","Korea, Rep.","KOR","2013","YR2013","2.06579363572998"
"Foreign direct investment, net outflows (% of GDP)","BM.KLT.DINV.WD.GD.ZS","Korea, Rep.","KOR","2014","YR2014","1.88628689115673"
"Foreign direct investment, net outflows (% of GDP)","BM.KLT.DINV.WD.GD.ZS","Korea, Rep.","KOR","2015","YR2015","1.61601394158057"
"Foreign direct investment, net outflows (% of GDP)","BM.KLT.DINV.WD.GD.ZS","Korea, Rep.","KOR","2016","YR2016","1.9924850974414"
"Foreign direct investment, net outflows (% of GDP)","BM.KLT.DINV.WD.GD.ZS","Korea, Rep.","KOR","2017","YR2017","2.0979967114006"
"Foreign direct investment, net outflows (% of GDP)","BM.KLT.DINV.WD.GD.ZS","Korea, Rep.","KOR","2018","YR2018","2.21587367899338"
"Foreign direct investment, net outflows (% of GDP)","BM.KLT.DINV.WD.GD.ZS","Korea, Rep.","KOR","2019","YR2019","2.13385676725272"
"Foreign direct investment, net outflows (% of GDP)","BM.KLT.DINV.WD.GD.ZS","Korea, Rep.","KOR","2020","YR2020","2.1183560283733"
"Foreign direct investment, net outflows (% of GDP)","BM.KLT.DINV.WD.GD.ZS","Korea, Rep.","KOR","2021","YR2021","3.35843633526094"
"Foreign direct investment, net outflows (% of GDP)","BM.KLT.DINV.WD.GD.ZS","Vietnam","VNM","1990","YR1990","NA"
"Foreign direct investment, net outflows (% of GDP)","BM.KLT.DINV.WD.GD.ZS","Vietnam","VNM","2000","YR2000","0"
"Foreign direct investment, net outflows (% of GDP)","BM.KLT.DINV.WD.GD.ZS","Vietnam","VNM","2001","YR2001","0"
"Foreign direct investment, net outflows (% of GDP)","BM.KLT.DINV.WD.GD.ZS","Vietnam","VNM","2002","YR2002","0"
"Foreign direct investment, net outflows (% of GDP)","BM.KLT.DINV.WD.GD.ZS","Vietnam","VNM","2003","YR2003","NA"
"Foreign direct investment, net outflows (% of GDP)","BM.KLT.DINV.WD.GD.ZS","Vietnam","VNM","2004","YR2004","NA"
"Foreign direct investment, net outflows (% of GDP)","BM.KLT.DINV.WD.GD.ZS","Vietnam","VNM","2005","YR2005","0.11278210696706"
"Foreign direct investment, net outflows (% of GDP)","BM.KLT.DINV.WD.GD.ZS","Vietnam","VNM","2006","YR2006","0.128066698694851"
"Foreign direct investment, net outflows (% of GDP)","BM.KLT.DINV.WD.GD.ZS","Vietnam","VNM","2007","YR2007","0.237681799916424"
"Foreign direct investment, net outflows (% of GDP)","BM.KLT.DINV.WD.GD.ZS","Vietnam","VNM","2008","YR2008","0.302631977906583"
"Foreign direct investment, net outflows (% of GDP)","BM.KLT.DINV.WD.GD.ZS","Vietnam","VNM","2009","YR2009","0.660286041116569"
"Foreign direct investment, net outflows (% of GDP)","BM.KLT.DINV.WD.GD.ZS","Vietnam","VNM","2010","YR2010","0.611408209521495"
"Foreign direct investment, net outflows (% of GDP)","BM.KLT.DINV.WD.GD.ZS","Vietnam","VNM","2011","YR2011","0.550421398346442"
"Foreign direct investment, net outflows (% of GDP)","BM.KLT.DINV.WD.GD.ZS","Vietnam","VNM","2012","YR2012","0.613526268839466"
"Foreign direct investment, net outflows (% of GDP)","BM.KLT.DINV.WD.GD.ZS","Vietnam","VNM","2013","YR2013","0.915264004769254"
"Foreign direct investment, net outflows (% of GDP)","BM.KLT.DINV.WD.GD.ZS","Vietnam","VNM","2014","YR2014","0.492607704385955"
"Foreign direct investment, net outflows (% of GDP)","BM.KLT.DINV.WD.GD.ZS","Vietnam","VNM","2015","YR2015","0.4597540868187"
"Foreign direct investment, net outflows (% of GDP)","BM.KLT.DINV.WD.GD.ZS","Vietnam","VNM","2016","YR2016","0.388959763634471"
"Foreign direct investment, net outflows (% of GDP)","BM.KLT.DINV.WD.GD.ZS","Vietnam","VNM","2017","YR2017","0.170603808223988"
"Foreign direct investment, net outflows (% of GDP)","BM.KLT.DINV.WD.GD.ZS","Vietnam","VNM","2018","YR2018","0.192836993985769"
"Foreign direct investment, net outflows (% of GDP)","BM.KLT.DINV.WD.GD.ZS","Vietnam","VNM","2019","YR2019","0.145050955269099"
"Foreign direct investment, net outflows (% of GDP)","BM.KLT.DINV.WD.GD.ZS","Vietnam","VNM","2020","YR2020","0.109631486529861"
"Foreign direct investment, net outflows (% of GDP)","BM.KLT.DINV.WD.GD.ZS","Vietnam","VNM","2021","YR2021","0.0819364107104678"
"Unemployment, total (% of total labor force) (modeled ILO estimate)","SL.UEM.TOTL.ZS","China","CHN","1990","YR1990","NA"
"Unemployment, total (% of total labor force) (modeled ILO estimate)","SL.UEM.TOTL.ZS","China","CHN","2000","YR2000","3.25999999046326"
"Unemployment, total (% of total labor force) (modeled ILO estimate)","SL.UEM.TOTL.ZS","China","CHN","2001","YR2001","3.79999995231628"
"Unemployment, total (% of total labor force) (modeled ILO estimate)","SL.UEM.TOTL.ZS","China","CHN","2002","YR2002","4.23999977111816"
"Unemployment, total (% of total labor force) (modeled ILO estimate)","SL.UEM.TOTL.ZS","China","CHN","2003","YR2003","4.57999992370605"
"Unemployment, total (% of total labor force) (modeled ILO estimate)","SL.UEM.TOTL.ZS","China","CHN","2004","YR2004","4.48999977111816"
"Unemployment, total (% of total labor force) (modeled ILO estimate)","SL.UEM.TOTL.ZS","China","CHN","2005","YR2005","4.51999998092651"
"Unemployment, total (% of total labor force) (modeled ILO estimate)","SL.UEM.TOTL.ZS","China","CHN","2006","YR2006","4.42999982833862"
"Unemployment, total (% of total labor force) (modeled ILO estimate)","SL.UEM.TOTL.ZS","China","CHN","2007","YR2007","4.34999990463257"
"Unemployment, total (% of total labor force) (modeled ILO estimate)","SL.UEM.TOTL.ZS","China","CHN","2008","YR2008","4.59000015258789"
"Unemployment, total (% of total labor force) (modeled ILO estimate)","SL.UEM.TOTL.ZS","China","CHN","2009","YR2009","4.71999979019165"
"Unemployment, total (% of total labor force) (modeled ILO estimate)","SL.UEM.TOTL.ZS","China","CHN","2010","YR2010","4.53000020980835"
"Unemployment, total (% of total labor force) (modeled ILO estimate)","SL.UEM.TOTL.ZS","China","CHN","2011","YR2011","4.55000019073486"
"Unemployment, total (% of total labor force) (modeled ILO estimate)","SL.UEM.TOTL.ZS","China","CHN","2012","YR2012","4.57999992370605"
"Unemployment, total (% of total labor force) (modeled ILO estimate)","SL.UEM.TOTL.ZS","China","CHN","2013","YR2013","4.59999990463257"
"Unemployment, total (% of total labor force) (modeled ILO estimate)","SL.UEM.TOTL.ZS","China","CHN","2014","YR2014","4.63000011444092"
"Unemployment, total (% of total labor force) (modeled ILO estimate)","SL.UEM.TOTL.ZS","China","CHN","2015","YR2015","4.65000009536743"
"Unemployment, total (% of total labor force) (modeled ILO estimate)","SL.UEM.TOTL.ZS","China","CHN","2016","YR2016","4.55999994277954"
"Unemployment, total (% of total labor force) (modeled ILO estimate)","SL.UEM.TOTL.ZS","China","CHN","2017","YR2017","4.46999979019165"
"Unemployment, total (% of total labor force) (modeled ILO estimate)","SL.UEM.TOTL.ZS","China","CHN","2018","YR2018","4.30999994277954"
"Unemployment, total (% of total labor force) (modeled ILO estimate)","SL.UEM.TOTL.ZS","China","CHN","2019","YR2019","4.55999994277954"
"Unemployment, total (% of total labor force) (modeled ILO estimate)","SL.UEM.TOTL.ZS","China","CHN","2020","YR2020","5"
"Unemployment, total (% of total labor force) (modeled ILO estimate)","SL.UEM.TOTL.ZS","China","CHN","2021","YR2021","4.55000019073486"
"Unemployment, total (% of total labor force) (modeled ILO estimate)","SL.UEM.TOTL.ZS","United States","USA","1990","YR1990","NA"
"Unemployment, total (% of total labor force) (modeled ILO estimate)","SL.UEM.TOTL.ZS","United States","USA","2000","YR2000","3.99000000953674"
"Unemployment, total (% of total labor force) (modeled ILO estimate)","SL.UEM.TOTL.ZS","United States","USA","2001","YR2001","4.73000001907349"
"Unemployment, total (% of total labor force) (modeled ILO estimate)","SL.UEM.TOTL.ZS","United States","USA","2002","YR2002","5.78000020980835"
"Unemployment, total (% of total labor force) (modeled ILO estimate)","SL.UEM.TOTL.ZS","United States","USA","2003","YR2003","5.98999977111816"
"Unemployment, total (% of total labor force) (modeled ILO estimate)","SL.UEM.TOTL.ZS","United States","USA","2004","YR2004","5.53000020980835"
"Unemployment, total (% of total labor force) (modeled ILO estimate)","SL.UEM.TOTL.ZS","United States","USA","2005","YR2005","5.07999992370605"
"Unemployment, total (% of total labor force) (modeled ILO estimate)","SL.UEM.TOTL.ZS","United States","USA","2006","YR2006","4.61999988555908"
"Unemployment, total (% of total labor force) (modeled ILO estimate)","SL.UEM.TOTL.ZS","United States","USA","2007","YR2007","4.61999988555908"
"Unemployment, total (% of total labor force) (modeled ILO estimate)","SL.UEM.TOTL.ZS","United States","USA","2008","YR2008","5.78000020980835"
"Unemployment, total (% of total labor force) (modeled ILO estimate)","SL.UEM.TOTL.ZS","United States","USA","2009","YR2009","9.25"
"Unemployment, total (% of total labor force) (modeled ILO estimate)","SL.UEM.TOTL.ZS","United States","USA","2010","YR2010","9.63000011444092"
"Unemployment, total (% of total labor force) (modeled ILO estimate)","SL.UEM.TOTL.ZS","United States","USA","2011","YR2011","8.94999980926514"
"Unemployment, total (% of total labor force) (modeled ILO estimate)","SL.UEM.TOTL.ZS","United States","USA","2012","YR2012","8.06999969482422"
"Unemployment, total (% of total labor force) (modeled ILO estimate)","SL.UEM.TOTL.ZS","United States","USA","2013","YR2013","7.36999988555908"
"Unemployment, total (% of total labor force) (modeled ILO estimate)","SL.UEM.TOTL.ZS","United States","USA","2014","YR2014","6.17000007629395"
"Unemployment, total (% of total labor force) (modeled ILO estimate)","SL.UEM.TOTL.ZS","United States","USA","2015","YR2015","5.28000020980835"
"Unemployment, total (% of total labor force) (modeled ILO estimate)","SL.UEM.TOTL.ZS","United States","USA","2016","YR2016","4.86999988555908"
"Unemployment, total (% of total labor force) (modeled ILO estimate)","SL.UEM.TOTL.ZS","United States","USA","2017","YR2017","4.3600001335144"
"Unemployment, total (% of total labor force) (modeled ILO estimate)","SL.UEM.TOTL.ZS","United States","USA","2018","YR2018","3.90000009536743"
"Unemployment, total (% of total labor force) (modeled ILO estimate)","SL.UEM.TOTL.ZS","United States","USA","2019","YR2019","3.67000007629395"
"Unemployment, total (% of total labor force) (modeled ILO estimate)","SL.UEM.TOTL.ZS","United States","USA","2020","YR2020","8.05000019073486"
"Unemployment, total (% of total labor force) (modeled ILO estimate)","SL.UEM.TOTL.ZS","United States","USA","2021","YR2021","5.34999990463257"
"Unemployment, total (% of total labor force) (modeled ILO estimate)","SL.UEM.TOTL.ZS","Korea, Rep.","KOR","1990","YR1990","NA"
"Unemployment, total (% of total labor force) (modeled ILO estimate)","SL.UEM.TOTL.ZS","Korea, Rep.","KOR","2000","YR2000","4.05999994277954"
"Unemployment, total (% of total labor force) (modeled ILO estimate)","SL.UEM.TOTL.ZS","Korea, Rep.","KOR","2001","YR2001","3.70000004768372"
"Unemployment, total (% of total labor force) (modeled ILO estimate)","SL.UEM.TOTL.ZS","Korea, Rep.","KOR","2002","YR2002","3.04999995231628"
"Unemployment, total (% of total labor force) (modeled ILO estimate)","SL.UEM.TOTL.ZS","Korea, Rep.","KOR","2003","YR2003","3.34999990463257"
"Unemployment, total (% of total labor force) (modeled ILO estimate)","SL.UEM.TOTL.ZS","Korea, Rep.","KOR","2004","YR2004","3.42000007629395"
"Unemployment, total (% of total labor force) (modeled ILO estimate)","SL.UEM.TOTL.ZS","Korea, Rep.","KOR","2005","YR2005","3.48000001907349"
"Unemployment, total (% of total labor force) (modeled ILO estimate)","SL.UEM.TOTL.ZS","Korea, Rep.","KOR","2006","YR2006","3.25"
"Unemployment, total (% of total labor force) (modeled ILO estimate)","SL.UEM.TOTL.ZS","Korea, Rep.","KOR","2007","YR2007","3.00999999046326"
"Unemployment, total (% of total labor force) (modeled ILO estimate)","SL.UEM.TOTL.ZS","Korea, Rep.","KOR","2008","YR2008","2.96000003814697"
"Unemployment, total (% of total labor force) (modeled ILO estimate)","SL.UEM.TOTL.ZS","Korea, Rep.","KOR","2009","YR2009","3.35999989509583"
"Unemployment, total (% of total labor force) (modeled ILO estimate)","SL.UEM.TOTL.ZS","Korea, Rep.","KOR","2010","YR2010","3.3199999332428"
"Unemployment, total (% of total labor force) (modeled ILO estimate)","SL.UEM.TOTL.ZS","Korea, Rep.","KOR","2011","YR2011","2.99000000953674"
"Unemployment, total (% of total labor force) (modeled ILO estimate)","SL.UEM.TOTL.ZS","Korea, Rep.","KOR","2012","YR2012","2.80999994277954"
"Unemployment, total (% of total labor force) (modeled ILO estimate)","SL.UEM.TOTL.ZS","Korea, Rep.","KOR","2013","YR2013","2.75"
"Unemployment, total (% of total labor force) (modeled ILO estimate)","SL.UEM.TOTL.ZS","Korea, Rep.","KOR","2014","YR2014","3.07999992370605"
"Unemployment, total (% of total labor force) (modeled ILO estimate)","SL.UEM.TOTL.ZS","Korea, Rep.","KOR","2015","YR2015","3.54999995231628"
"Unemployment, total (% of total labor force) (modeled ILO estimate)","SL.UEM.TOTL.ZS","Korea, Rep.","KOR","2016","YR2016","3.65000009536743"
"Unemployment, total (% of total labor force) (modeled ILO estimate)","SL.UEM.TOTL.ZS","Korea, Rep.","KOR","2017","YR2017","3.65000009536743"
"Unemployment, total (% of total labor force) (modeled ILO estimate)","SL.UEM.TOTL.ZS","Korea, Rep.","KOR","2018","YR2018","3.8199999332428"
"Unemployment, total (% of total labor force) (modeled ILO estimate)","SL.UEM.TOTL.ZS","Korea, Rep.","KOR","2019","YR2019","3.75"
"Unemployment, total (% of total labor force) (modeled ILO estimate)","SL.UEM.TOTL.ZS","Korea, Rep.","KOR","2020","YR2020","3.9300000667572"
"Unemployment, total (% of total labor force) (modeled ILO estimate)","SL.UEM.TOTL.ZS","Korea, Rep.","KOR","2021","YR2021","3.64000010490417"
"Unemployment, total (% of total labor force) (modeled ILO estimate)","SL.UEM.TOTL.ZS","Vietnam","VNM","1990","YR1990","NA"
"Unemployment, total (% of total labor force) (modeled ILO estimate)","SL.UEM.TOTL.ZS","Vietnam","VNM","2000","YR2000","2.25999999046326"
"Unemployment, total (% of total labor force) (modeled ILO estimate)","SL.UEM.TOTL.ZS","Vietnam","VNM","2001","YR2001","2.75999999046326"
"Unemployment, total (% of total labor force) (modeled ILO estimate)","SL.UEM.TOTL.ZS","Vietnam","VNM","2002","YR2002","2.11999988555908"
"Unemployment, total (% of total labor force) (modeled ILO estimate)","SL.UEM.TOTL.ZS","Vietnam","VNM","2003","YR2003","2.25"
"Unemployment, total (% of total labor force) (modeled ILO estimate)","SL.UEM.TOTL.ZS","Vietnam","VNM","2004","YR2004","2.14000010490417"
"Unemployment, total (% of total labor force) (modeled ILO estimate)","SL.UEM.TOTL.ZS","Vietnam","VNM","2005","YR2005","2.09400010108948"
"Unemployment, total (% of total labor force) (modeled ILO estimate)","SL.UEM.TOTL.ZS","Vietnam","VNM","2006","YR2006","2.08599996566772"
"Unemployment, total (% of total labor force) (modeled ILO estimate)","SL.UEM.TOTL.ZS","Vietnam","VNM","2007","YR2007","2.02999997138977"
"Unemployment, total (% of total labor force) (modeled ILO estimate)","SL.UEM.TOTL.ZS","Vietnam","VNM","2008","YR2008","1.92700004577637"
"Unemployment, total (% of total labor force) (modeled ILO estimate)","SL.UEM.TOTL.ZS","Vietnam","VNM","2009","YR2009","1.74000000953674"
"Unemployment, total (% of total labor force) (modeled ILO estimate)","SL.UEM.TOTL.ZS","Vietnam","VNM","2010","YR2010","1.11000001430511"
"Unemployment, total (% of total labor force) (modeled ILO estimate)","SL.UEM.TOTL.ZS","Vietnam","VNM","2011","YR2011","1"
"Unemployment, total (% of total labor force) (modeled ILO estimate)","SL.UEM.TOTL.ZS","Vietnam","VNM","2012","YR2012","1.02999997138977"
"Unemployment, total (% of total labor force) (modeled ILO estimate)","SL.UEM.TOTL.ZS","Vietnam","VNM","2013","YR2013","1.32000005245209"
"Unemployment, total (% of total labor force) (modeled ILO estimate)","SL.UEM.TOTL.ZS","Vietnam","VNM","2014","YR2014","1.25999999046326"
"Unemployment, total (% of total labor force) (modeled ILO estimate)","SL.UEM.TOTL.ZS","Vietnam","VNM","2015","YR2015","1.85000002384186"
"Unemployment, total (% of total labor force) (modeled ILO estimate)","SL.UEM.TOTL.ZS","Vietnam","VNM","2016","YR2016","1.85000002384186"
"Unemployment, total (% of total labor force) (modeled ILO estimate)","SL.UEM.TOTL.ZS","Vietnam","VNM","2017","YR2017","1.87000000476837"
"Unemployment, total (% of total labor force) (modeled ILO estimate)","SL.UEM.TOTL.ZS","Vietnam","VNM","2018","YR2018","1.1599999666214"
"Unemployment, total (% of total labor force) (modeled ILO estimate)","SL.UEM.TOTL.ZS","Vietnam","VNM","2019","YR2019","1.67999994754791"
"Unemployment, total (% of total labor force) (modeled ILO estimate)","SL.UEM.TOTL.ZS","Vietnam","VNM","2020","YR2020","2.09999990463257"
"Unemployment, total (% of total labor force) (modeled ILO estimate)","SL.UEM.TOTL.ZS","Vietnam","VNM","2021","YR2021","2.38000011444092"
,"","","","","",""
,"","","","","",""
,"","","","","",""
Data from database: World Development Indicators,"","","","","",""
Last Updated: 03/01/2023,"","","","","",""
